{"parameters/mlp_extractor.policy_net.2.weight":{"values":[1,0,0,0,0,1,1,1,2,0,2,3,4,5,12,7,13,20,28,29,42,50,69,69,84,90,88,105,146,148,180,169,176,198,167,174,188,182,193,185,160,147,130,126,114,102,104,78,55,50,43,44,31,23,13,16,8,6,5,2,4,1,0,2],"bins":[-0.800798773765564,-0.7784953117370605,-0.7561917901039124,-0.7338883280754089,-0.7115848064422607,-0.6892813444137573,-0.6669778823852539,-0.6446743607521057,-0.6223708987236023,-0.6000674366950989,-0.5777639150619507,-0.5554604530334473,-0.5331569910049438,-0.5108534693717957,-0.48855000734329224,-0.46624651551246643,-0.4439430236816406,-0.4216395318508148,-0.399336040019989,-0.3770325779914856,-0.3547290861606598,-0.332425594329834,-0.31012213230133057,-0.28781864047050476,-0.26551514863967896,-0.24321165680885315,-0.22090817987918854,-0.19860470294952393,-0.17630121111869812,-0.15399771928787231,-0.1316942423582077,-0.1093907579779625,-0.08708727359771729,-0.06478378921747208,-0.04248030483722687,-0.02017682045698166,0.00212666392326355,0.02443014830350876,0.04673363268375397,0.06903711706399918,0.09134060144424438,0.1136440858244896,0.1359475702047348,0.15825104713439941,0.18055453896522522,0.20285803079605103,0.22516150772571564,0.24746498465538025,0.26976847648620605,0.29207196831703186,0.31437546014785767,0.3366789221763611,0.3589824140071869,0.3812859058380127,0.4035893678665161,0.4258928596973419,0.4481963515281677,0.47049984335899353,0.49280333518981934,0.5151067972183228,0.5374102592468262,0.5597137808799744,0.5820172429084778,0.604320764541626,0.6266242265701294],"_type":"histogram"},"parameters/action_net.bias":{"_type":"histogram","values":[1,0,1,2,0,0,2,1,1,0,1,1,1,0,1,1,0,0,0,0,0,0,0,2,0,0,0,0,0,0,0,0,0,0,0,0,0,0,0,0,0,0,0,0,0,0,0,0,0,0,0,0,0,0,0,0,0,0,0,0,0,1,0,1],"bins":[-0.016255825757980347,-0.01297940593212843,-0.009702986106276512,-0.0064265672117471695,-0.0031501473858952522,0.00012627220712602139,0.003402691800147295,0.006679111160337925,0.009955530986189842,0.01323195081204176,0.016508370637893677,0.01978478953242302,0.023061208426952362,0.026337629184126854,0.029614048078656197,0.03289046883583069,0.03616688773036003,0.039443306624889374,0.042719725519418716,0.04599614813923836,0.0492725670337677,0.05254898592829704,0.055825404822826385,0.05910182371735573,0.06237824261188507,0.06565466523170471,0.06893108040094376,0.0722075030207634,0.07548392564058304,0.07876034080982208,0.08203676342964172,0.08531317859888077,0.08858960121870041,0.09186602383852005,0.0951424390077591,0.09841886162757874,0.10169527679681778,0.10497169941663742,0.10824812203645706,0.1115245372056961,0.11480095982551575,0.11807737499475479,0.12135379761457443,0.12463022023439407,0.12790663540363312,0.13118305802345276,0.1344594806432724,0.13773588836193085,0.1410123109817505,0.14428873360157013,0.14756515622138977,0.1508415788412094,0.15411798655986786,0.1573944091796875,0.16067083179950714,0.16394725441932678,0.16722367703914642,0.17050008475780487,0.1737765073776245,0.17705292999744415,0.1803293526172638,0.18360577523708344,0.18688218295574188,0.19015860557556152,0.19343502819538116]},"parameters/mlp_extractor.policy_net.0.bias":{"_type":"histogram","values":[1,0,0,0,0,0,1,0,0,1,0,1,0,3,0,2,1,0,1,1,0,1,2,0,2,3,1,4,1,0,0,3,1,3,2,0,1,1,1,1,2,1,0,1,1,0,0,0,2,2,2,1,2,0,1,1,3,0,1,2,0,2,0,1],"bins":[-0.13515226542949677,-0.13086678087711334,-0.1265813112258911,-0.12229582667350769,-0.11801034212112427,-0.11372485756874084,-0.10943938046693802,-0.10515390336513519,-0.10086841881275177,-0.09658293426036835,-0.09229745715856552,-0.0880119800567627,-0.08372649550437927,-0.07944101095199585,-0.07515553385019302,-0.0708700567483902,-0.06658457219600677,-0.06229909136891365,-0.058013610541820526,-0.0537281297147274,-0.04944264888763428,-0.04515716806054115,-0.04087168723344803,-0.036586206406354904,-0.03230072557926178,-0.028015244752168655,-0.02372976392507553,-0.019444283097982407,-0.015158802270889282,-0.010873321443796158,-0.0065878406167030334,-0.002302359789609909,0.0019831210374832153,0.00626860186457634,0.010554082691669464,0.014839563518762589,0.019125044345855713,0.023410525172948837,0.02769600600004196,0.031981486827135086,0.03626696765422821,0.040552448481321335,0.04483792930841446,0.049123410135507584,0.05340889096260071,0.05769437178969383,0.06197985261678696,0.06626532971858978,0.0705508142709732,0.07483629882335663,0.07912177592515945,0.08340725302696228,0.0876927375793457,0.09197822213172913,0.09626369923353195,0.10054917633533478,0.1048346608877182,0.10912014544010162,0.11340562254190445,0.11769109964370728,0.1219765841960907,0.12626206874847412,0.13054755330085754,0.13483302295207977,0.1391185075044632]},"_step":0,"parameters/value_net.bias":{"bins":[0.19799531996250153,0.19799531996250153],"_type":"histogram","values":[1]},"parameters/action_net.weight":{"_type":"histogram","values":[1,0,0,0,0,0,0,2,1,0,0,0,0,0,0,0,1,1,1,4,8,11,10,13,17,18,26,29,36,22,34,35,44,57,51,40,52,57,68,49,49,43,40,31,35,45,32,23,24,11,14,9,10,2,5,7,6,2,6,3,1,0,1,1],"bins":[-0.17401835322380066,-0.16940832138061523,-0.16479827463626862,-0.1601882427930832,-0.15557821094989777,-0.15096816420555115,-0.14635813236236572,-0.1417481005191803,-0.13713806867599487,-0.13252802193164825,-0.12791799008846283,-0.12330795079469681,-0.11869791150093079,-0.11408787965774536,-0.10947784036397934,-0.10486780852079391,-0.1002577692270279,-0.09564772993326187,-0.09103769809007645,-0.08642765879631042,-0.081817626953125,-0.07720758765935898,-0.07259754836559296,-0.06798751652240753,-0.06337747722864151,-0.05876744166016579,-0.054157406091690063,-0.04954736679792404,-0.04493733122944832,-0.040327295660972595,-0.035717256367206573,-0.03110722079873085,-0.02649720013141632,-0.021887164562940598,-0.017277127131819725,-0.012667090632021427,-0.00805705413222313,-0.0034470176324248314,0.0011630188673734665,0.005773055367171764,0.010383091866970062,0.01499312836676836,0.019603164866566658,0.02421320229768753,0.028823237866163254,0.03343327343463898,0.038043312728405,0.04265334829688072,0.047263383865356445,0.05187341943383217,0.05648345500230789,0.061093494296073914,0.06570352613925934,0.07031356543302536,0.07492360472679138,0.0795336365699768,0.08414367586374283,0.08875371515750885,0.09336374700069427,0.0979737862944603,0.10258382558822632,0.10719385743141174,0.11180389672517776,0.11641392856836319,0.12102396786212921]},"parameters/mlp_extractor.policy_net.0.weight":{"values":[2,0,0,0,1,1,5,11,8,7,23,20,38,58,65,102,129,171,214,248,354,401,527,577,645,732,838,1001,1077,1077,1213,1222,1224,1209,1084,1156,1067,963,926,799,681,583,520,398,347,258,220,165,119,86,67,45,36,23,12,12,5,3,4,2,1,1,0,1],"bins":[-0.35934969782829285,-0.34826821088790894,-0.3371867537498474,-0.3261052668094635,-0.3150237798690796,-0.30394232273101807,-0.29286083579063416,-0.28177934885025024,-0.2706978917121887,-0.2596164047718048,-0.2485349178314209,-0.23745344579219818,-0.22637197375297546,-0.21529048681259155,-0.20420901477336884,-0.19312752783298492,-0.1820460557937622,-0.1709645837545395,-0.15988309681415558,-0.14880162477493286,-0.13772013783454895,-0.12663866579532623,-0.11555719375610352,-0.1044757142663002,-0.09339423477649689,-0.08231275528669357,-0.07123127579689026,-0.06014980375766754,-0.04906832426786423,-0.03798684477806091,-0.026905369013547897,-0.015823891386389732,-0.004742443561553955,0.00633903406560421,0.017420511692762375,0.02850198931992054,0.039583466947078705,0.05066494643688202,0.061746422201395035,0.07282789796590805,0.08390937745571136,0.09499085694551468,0.106072336435318,0.11715380847454071,0.12823528051376343,0.13931676745414734,0.15039823949337006,0.16147972643375397,0.17256119847297668,0.1836426705121994,0.1947241574525833,0.20580562949180603,0.21688711643218994,0.22796858847141266,0.23905006051063538,0.2501315474510193,0.2612130045890808,0.2722944915294647,0.28337597846984863,0.29445746541023254,0.30553892254829407,0.316620409488678,0.3277018964290619,0.3387833535671234,0.3498648405075073],"_type":"histogram"},